-- phpMyAdmin SQL Dump
-- version 4.5.1
-- http://www.phpmyadmin.net
--
-- Host: 127.0.0.1
-- Generation Time: Feb 23, 2019 at 07:30 PM
-- Server version: 10.1.9-MariaDB
-- PHP Version: 7.0.1

SET SQL_MODE = "NO_AUTO_VALUE_ON_ZERO";
SET time_zone = "+00:00";


/*!40101 SET @OLD_CHARACTER_SET_CLIENT=@@CHARACTER_SET_CLIENT */;
/*!40101 SET @OLD_CHARACTER_SET_RESULTS=@@CHARACTER_SET_RESULTS */;
/*!40101 SET @OLD_COLLATION_CONNECTION=@@COLLATION_CONNECTION */;
/*!40101 SET NAMES utf8mb4 */;

--
-- Database: `toko_pizza`
--
CREATE DATABASE IF NOT EXISTS `toko_pizza` DEFAULT CHARACTER SET latin1 COLLATE latin1_swedish_ci;
USE `toko_pizza`;

-- --------------------------------------------------------

--
-- Table structure for table `master_karyawan`
--

CREATE TABLE `master_karyawan` (
  `nik` varchar(5) NOT NULL,
  `nama` varchar(50) NOT NULL,
  `alamat` text NOT NULL,
  `telp` varchar(15) NOT NULL,
  `tempat_lahir` varchar(50) NOT NULL,
  `tanggal_lahir` date NOT NULL,
  `flag` int(11) NOT NULL
) ENGINE=InnoDB DEFAULT CHARSET=latin1;

--
-- Dumping data for table `master_karyawan`
--

INSERT INTO `master_karyawan` (`nik`, `nama`, `alamat`, `telp`, `tempat_lahir`, `tanggal_lahir`, `flag`) VALUES
('10021', 'Yudhi', 'Jl. Kebon Baru Utara No.7', '', 'Jakarta', '0000-00-00', 1),
('19020', 'Jaenudin', 'Kp. Rambutan', '0877 281 2281', 'North Sulawesi', '2000-02-01', 1),
('19021', 'Ananda Putra U.T', 'Jl. Roa Malaka No.6', '081511247399', 'Wamena', '1995-06-07', 1),
('19022', 'Bagus Riyadi', 'Jl. Kampung Sawah No.9', '0218838383', 'Jakarta', '1989-04-19', 1),
('19023', 'Handy', 'Jl. Pluit Raya No. 7', '081511247338', 'Lebak', '2001-02-03', 1),
('19025', 'Wawan Lesmana Arya', 'Teluk Gong', '0817771922', 'Bandung', '2004-02-06', 1);

-- --------------------------------------------------------

--
-- Table structure for table `master_menu`
--

CREATE TABLE `master_menu` (
  `kode_menu` varchar(5) NOT NULL,
  `nama_menu` varchar(30) NOT NULL,
  `harga` float NOT NULL,
  `keterangan` text NOT NULL,
  `flag` int(11) NOT NULL
) ENGINE=InnoDB DEFAULT CHARSET=latin1;

--
-- Dumping data for table `master_menu`
--

INSERT INTO `master_menu` (`kode_menu`, `nama_menu`, `harga`, `keterangan`, `flag`) VALUES
('PZ001', 'Veggie Garden Pizza', 99000, 'Jagung, Jamur, Keju Mozarela, Paprika Merah', 1),
('PZ002', 'Tuna Melt Pizza', 80000, 'Irisan daging ikan tuna, butiran jagung, saos mayones', 1),
('PZ003', 'Makaroni Mozarela', 55000, 'lelehan keju mozarela, soas tomat, irisan daging sapi, taburan daun seledri & daun bawang', 1),
('PZ004', 'Pizza Seblak', 200000, 'Makaroni,irisan bawang bombai, potongan ceker ayam, irisan cabe rawit', 1),
('PZ005', 'Pizza rasa baso sapi', 99000, 'potongan baso sapi ukuran jumbo', 1),
('PZ009', 'Pizza rasa soto babat', 75500, 'irisan bawang goreng, irisan daging sapi, saos pedas', 1);

-- --------------------------------------------------------

--
-- Table structure for table `transaksi_pemesanan`
--

CREATE TABLE `transaksi_pemesanan` (
  `id_pemesanan` int(11) NOT NULL,
  `nik` varchar(5) NOT NULL,
  `tgl_pemesanan` date NOT NULL,
  `nama_pelanggan` varchar(100) NOT NULL,
  `kode_menu` varchar(5) NOT NULL,
  `qty` int(11) NOT NULL,
  `total_harga` float NOT NULL
) ENGINE=InnoDB DEFAULT CHARSET=latin1;

--
-- Dumping data for table `transaksi_pemesanan`
--

INSERT INTO `transaksi_pemesanan` (`id_pemesanan`, `nik`, `tgl_pemesanan`, `nama_pelanggan`, `kode_menu`, `qty`, `total_harga`) VALUES
(12, '10021', '2019-02-23', 'Inggit Palestri', 'PZ002', 2, 160000),
(13, '10021', '2019-02-23', 'Anggun C Sasmi', 'PZ005', 1, 99000),
(14, '19025', '2019-02-23', 'Langgeng', 'PZ009', 12, 1066800),
(15, '19023', '2019-02-23', 'Wati Yudistira', 'PZ005', 12, 1188000),
(16, '19021', '2019-02-23', 'Ina Sa''adah', 'PZ003', 5, 275000);

--
-- Indexes for dumped tables
--

--
-- Indexes for table `master_karyawan`
--
ALTER TABLE `master_karyawan`
  ADD PRIMARY KEY (`nik`);

--
-- Indexes for table `master_menu`
--
ALTER TABLE `master_menu`
  ADD PRIMARY KEY (`kode_menu`);

--
-- Indexes for table `transaksi_pemesanan`
--
ALTER TABLE `transaksi_pemesanan`
  ADD PRIMARY KEY (`id_pemesanan`);

--
-- AUTO_INCREMENT for dumped tables
--

--
-- AUTO_INCREMENT for table `transaksi_pemesanan`
--
ALTER TABLE `transaksi_pemesanan`
  MODIFY `id_pemesanan` int(11) NOT NULL AUTO_INCREMENT, AUTO_INCREMENT=17;
/*!40101 SET CHARACTER_SET_CLIENT=@OLD_CHARACTER_SET_CLIENT */;
/*!40101 SET CHARACTER_SET_RESULTS=@OLD_CHARACTER_SET_RESULTS */;
/*!40101 SET COLLATION_CONNECTION=@OLD_COLLATION_CONNECTION */;
